<?xml version="1.0" encoding="UTF-8"?>
<beans  
    xmlns="http://www.springframework.org/schema/beans"  
    xmlns:xsi="http://www.w3.org/2001/XMLSchema-instance"  
    xmlns:p="http://www.springframework.org/schema/p"  
    xsi:schemaLocation="http://www.springframework.org/schema/beans   
http://www.springframework.org/schema/beans/spring-beans-3.0.xsd">  
  <bean id="obj" class="com.scs.aopexample.M"></bean> 
  <bean id="obj1" class="com.scs.aopexample.AdviceExample"></bean>
   <bean id="proxy" class="org.springframework.aop.framework.ProxyFactoryBean">  
<property name="target" ref="obj"></property>  
<property name="interceptorNames">  
<list>  
<value>obj1</value>  
</list>  
</property>  
</bean>  
  
</beans>