<beans xmlns="http://www.springframework.org/schema/beans"
       xmlns:xsi="http://www.w3.org/2001/XMLSchema-instance"
       xsi:schemaLocation="http://www.springframework.org/schema/beans http://www.springframework.org/schema/beans/spring-beans.xsd">
    <bean id="course" class="com.scs.inhert.Course">
      <constructor-arg value="1" type="int"></constructor-arg>  
      <constructor-arg value="C" type="String"></constructor-arg>  
    </bean>
    <bean id="stu" class="com.scs.inhert.Student">
      <constructor-arg value="1001" type="int"></constructor-arg>  
      <constructor-arg value="Pawan Rawat" type="String"></constructor-arg>  
    </bean>
    <bean id="e2" class="com.scs.inhert.Course" parent="course">  
      <constructor-arg ref="stu"></constructor-arg>  
     </bean>  
  
</beans>